Testing Flow,Actual Protocol,Classification Result,Probability,True Positive
0,http,http,0.96875,True
1,http,http,0.7081174438687392,True
2,http,http,0.9621212121212122,True
3,http,http,0.9621212121212122,True
4,http,http,0.9621212121212122,True
5,http,http,0.9746543778801844,True
6,http,http,0.9621212121212122,True
7,http,http,0.9621212121212122,True
8,http,http,0.7081174438687392,True
9,http,http,0.7081174438687392,True
10,http,http,0.7081174438687392,True
11,http,http,0.7081174438687392,True
12,http,http,0.9786096256684492,True
13,http,http,0.7081174438687392,True
14,http,http,0.9786096256684492,True
15,http,http,0.7081174438687392,True
16,http,http,0.9786096256684492,True
17,http,http,0.7081174438687392,True
18,http,http,0.9786096256684492,True
19,http,http,0.7081174438687392,True
20,http,http,0.9786096256684492,True
21,http,http,0.7081174438687392,True
22,http,http,0.9786096256684492,True
23,http,http,0.7081174438687392,True
24,http,http,0.9786096256684492,True
25,http,http,0.7081174438687392,True
26,http,http,0.9786096256684492,True
27,http,http,0.7081174438687392,True
28,http,http,0.9786096256684492,True
29,http,http,0.7081174438687392,True
30,http,http,0.9786096256684492,True
31,http,http,0.7081174438687392,True
32,http,http,0.9786096256684492,True
33,http,http,0.7081174438687392,True
34,http,http,0.9786096256684492,True
35,http,http,0.7081174438687392,True
36,http,http,0.9786096256684492,True
37,http,http,0.7081174438687392,True
38,http,http,0.9786096256684492,True
39,http,http,0.7081174438687392,True
40,http,http,0.9786096256684492,True
41,http,http,0.7081174438687392,True
42,http,http,0.9786096256684492,True
43,http,http,0.7081174438687392,True
44,http,http,0.9786096256684492,True
45,http,http,0.7081174438687392,True
46,http,http,0.9786096256684492,True
47,http,http,0.7081174438687392,True
48,http,http,0.9786096256684492,True
49,http,http,0.7081174438687392,True
50,http,http,0.9786096256684492,True
51,http,http,0.7081174438687392,True
52,http,http,0.9786096256684492,True
53,http,http,0.7081174438687392,True
54,http,http,0.9786096256684492,True
55,http,http,0.7081174438687392,True
56,http,http,0.9786096256684492,True
57,http,http,0.7081174438687392,True
58,http,http,0.9786096256684492,True
59,http,http,0.7081174438687392,True
60,http,http,0.9786096256684492,True
61,http,http,0.9786096256684492,True
62,http,http,0.7081174438687392,True
63,http,http,0.9786096256684492,True
64,http,http,0.7081174438687392,True
65,http,http,0.9786096256684492,True
66,http,http,0.9786096256684492,True
67,http,http,0.7081174438687392,True
68,http,http,0.9786096256684492,True
69,http,http,0.7081174438687392,True
70,http,http,0.9786096256684492,True
71,http,http,0.7081174438687392,True
72,http,http,0.9786096256684492,True
73,http,http,0.7081174438687392,True
74,http,http,0.9786096256684492,True
75,http,http,0.7081174438687392,True
76,http,http,0.9786096256684492,True
77,http,http,0.7081174438687392,True
78,http,http,0.9786096256684492,True
79,http,http,0.7081174438687392,True
80,http,http,0.9786096256684492,True
81,http,http,0.7081174438687392,True
82,http,http,0.9786096256684492,True
83,http,http,0.7081174438687392,True
84,http,http,0.9786096256684492,True
85,http,http,0.7081174438687392,True
86,http,http,0.9786096256684492,True
87,http,http,0.7081174438687392,True
88,http,http,0.9786096256684492,True
89,http,http,0.7081174438687392,True
90,http,http,0.9786096256684492,True
91,http,http,0.7081174438687392,True
92,http,http,0.9786096256684492,True
93,http,http,0.9786096256684492,True
94,http,http,0.7081174438687392,True
95,http,http,0.9786096256684492,True
96,http,http,0.7081174438687392,True
97,http,http,0.9786096256684492,True
98,http,http,0.7081174438687392,True
99,http,http,0.9786096256684492,True
100,http,http,0.7081174438687392,True
101,http,http,0.9786096256684492,True
102,http,http,0.900804289544236,True
103,http,http,0.9786096256684492,True
104,http,http,0.7081174438687392,True
105,http,http,0.9786096256684492,True
106,http,http,0.7081174438687392,True
107,http,http,0.9786096256684492,True
108,http,http,0.7081174438687392,True
109,http,http,0.9786096256684492,True
110,http,http,0.7081174438687392,True
111,http,http,0.9786096256684492,True
112,http,http,0.7081174438687392,True
113,http,http,0.9786096256684492,True
114,http,http,0.7081174438687392,True
115,http,http,0.9786096256684492,True
116,http,http,0.7081174438687392,True
117,http,http,0.9786096256684492,True
118,http,http,0.7081174438687392,True
119,http,http,0.9786096256684492,True
120,http,http,0.7081174438687392,True
121,http,http,0.9786096256684492,True
122,http,http,0.7081174438687392,True
123,http,http,0.9786096256684492,True
124,http,http,0.7081174438687392,True
125,http,http,0.9786096256684492,True
126,http,http,0.7081174438687392,True
127,http,http,0.9786096256684492,True
128,http,http,0.7081174438687392,True
129,http,http,0.9786096256684492,True
130,http,http,0.7081174438687392,True
131,http,http,0.9786096256684492,True
132,http,http,0.7081174438687392,True
133,http,http,0.9786096256684492,True
134,http,http,0.9767025089605734,True
135,http,http,0.7081174438687392,True
136,http,http,0.9767025089605734,True
137,http,http,0.9767025089605734,True
138,http,http,0.9009009009009009,True
139,http,http,0.9786096256684492,True
140,http,http,0.7081174438687392,True
141,http,http,0.9786096256684492,True
142,http,http,0.7081174438687392,True
143,http,http,0.9786096256684492,True
144,http,http,0.7081174438687392,True
145,http,http,0.9786096256684492,True
146,http,http,0.7081174438687392,True
147,http,http,0.7081174438687392,True
148,http,http,0.9786096256684492,True
149,http,http,0.7081174438687392,True
150,http,http,0.9786096256684492,True
151,http,http,0.7081174438687392,True
152,http,http,0.9786096256684492,True
153,http,http,0.9786096256684492,True
154,http,http,0.7081174438687392,True
155,http,http,0.9786096256684492,True
156,http,http,0.7081174438687392,True
157,http,http,0.9786096256684492,True
158,http,bittorrent,0.9891095451633568,False
159,http,http,0.7081174438687392,True
160,http,http,0.9786096256684492,True
161,http,http,0.7081174438687392,True
162,http,http,0.9786096256684492,True
163,http,http,0.7081174438687392,True
164,http,http,0.9786096256684492,True
165,http,http,0.7081174438687392,True
166,http,http,0.9786096256684492,True
167,http,http,0.7081174438687392,True
168,http,http,0.9786096256684492,True
169,http,http,0.7081174438687392,True
170,http,http,0.9786096256684492,True
171,http,bittorrent,0.9891095451633568,False
172,http,http,0.7081174438687392,True
173,http,http,0.7081174438687392,True
174,http,http,0.9786096256684492,True
175,http,http,0.9786096256684492,True
176,http,http,0.7081174438687392,True
177,http,http,0.9786096256684492,True
178,http,http,0.7081174438687392,True
179,http,http,0.9786096256684492,True
180,http,http,0.7081174438687392,True
181,http,http,0.9009009009009009,True
182,http,http,0.7081174438687392,True
183,http,http,0.9786096256684492,True
184,http,http,0.7081174438687392,True
185,http,http,0.9786096256684492,True
186,http,bittorrent,0.9854280510018215,False
187,http,http,0.7081174438687392,True
188,http,http,0.7081174438687392,True
189,http,http,0.7081174438687392,True
190,http,http,0.9009009009009009,True
191,http,http,0.7081174438687392,True
192,http,http,0.9009009009009009,True
193,http,http,0.7081174438687392,True
194,http,http,0.9009009009009009,True
195,http,http,0.7081174438687392,True
196,http,http,0.9009009009009009,True
197,http,http,0.7081174438687392,True
198,http,http,0.7081174438687392,True
199,http,http,0.9009009009009009,True
200,http,http,0.7081174438687392,True
201,http,http,0.9009009009009009,True
202,http,http,0.7081174438687392,True
203,http,http,0.9009009009009009,True
204,http,http,0.7081174438687392,True
205,http,http,0.9009009009009009,True
206,http,http,0.7081174438687392,True
207,http,http,0.9009009009009009,True
208,http,http,0.7081174438687392,True
209,http,http,0.9009009009009009,True
210,http,http,0.7081174438687392,True
211,http,http,0.9009009009009009,True
212,http,http,0.7081174438687392,True
213,http,http,0.9009009009009009,True
214,http,http,0.7081174438687392,True
215,http,http,0.9009009009009009,True
216,http,http,0.7081174438687392,True
217,http,http,0.9009009009009009,True
218,http,http,0.7081174438687392,True
219,http,http,0.9009009009009009,True
220,http,http,0.7081174438687392,True
221,http,http,0.9009009009009009,True
222,http,http,0.7081174438687392,True
223,http,http,0.9009009009009009,True
224,http,http,0.7081174438687392,True
225,http,http,0.9009009009009009,True
226,http,bittorrent,0.954,False
227,http,http,0.7081174438687392,True
228,http,http,0.7081174438687392,True
229,http,http,0.9786096256684492,True
230,http,http,0.7081174438687392,True
231,http,http,0.7081174438687392,True
232,http,http,0.9786096256684492,True
233,http,http,0.7081174438687392,True
234,http,http,0.9786096256684492,True
235,http,http,0.7081174438687392,True
236,http,http,0.9786096256684492,True
237,http,http,0.7081174438687392,True
238,http,http,0.9767025089605734,True
239,http,http,0.9621212121212122,True
240,http,bittorrent,0.954,False
241,http,http,0.9546191247974068,True
242,http,http,0.8962025316455696,True
243,http,http,0.6960950764006791,True
244,http,http,0.7081174438687392,True
245,http,http,0.9786223277909739,True
246,http,http,0.7081174438687392,True
247,http,http,0.9786223277909739,True
248,http,http,0.9786223277909739,True
249,http,http,0.900804289544236,True
250,http,http,0.900804289544236,True
251,http,http,0.900804289544236,True
252,http,http,0.900804289544236,True
253,http,http,0.900804289544236,True
254,http,http,0.900804289544236,True
255,http,http,0.900804289544236,True
256,http,http,0.900804289544236,True
257,http,http,0.900804289544236,True
258,http,http,0.900804289544236,True
259,http,http,0.900804289544236,True
260,http,http,0.900804289544236,True
261,http,http,0.900804289544236,True
262,http,http,0.6960950764006791,True
263,http,http,0.6960950764006791,True
264,http,http,0.907035175879397,True
265,http,http,0.907035175879397,True
266,http,http,0.6960950764006791,True
267,http,http,0.6960950764006791,True
268,http,http,0.6960950764006791,True
269,http,http,0.6960950764006791,True
270,http,http,0.6960950764006791,True
271,http,http,0.6960950764006791,True
272,http,http,0.6960950764006791,True
273,http,http,0.6960950764006791,True
274,http,http,0.6960950764006791,True
275,http,http,0.8962025316455696,True
276,http,http,0.6960950764006791,True
277,http,http,0.6960950764006791,True
278,http,http,0.907035175879397,True
279,http,http,0.6960950764006791,True
280,http,http,0.6960950764006791,True
281,http,http,0.6960950764006791,True
282,http,http,0.6960950764006791,True
283,http,http,0.6960950764006791,True
284,http,http,0.6960950764006791,True
285,http,http,0.6960950764006791,True
286,http,http,0.6960950764006791,True
287,http,http,0.6960950764006791,True
288,http,http,0.6960950764006791,True
289,http,http,0.6960950764006791,True
290,http,http,0.6960950764006791,True
291,http,http,0.6960950764006791,True
292,http,http,0.6960950764006791,True
293,http,http,0.6960950764006791,True
294,http,http,0.907035175879397,True
295,http,http,0.6960950764006791,True
296,http,http,0.6960950764006791,True
297,http,http,0.907035175879397,True
298,http,http,0.907035175879397,True
299,http,http,0.6960950764006791,True
300,http,http,0.907035175879397,True
301,http,http,0.6960950764006791,True
302,http,http,0.6960950764006791,True
303,http,http,0.6960950764006791,True
304,http,http,0.6960950764006791,True
305,http,http,0.6960950764006791,True
306,http,http,0.6960950764006791,True
307,http,http,0.6960950764006791,True
308,http,http,0.6960950764006791,True
309,http,http,0.6960950764006791,True
310,http,http,0.6960950764006791,True
311,http,http,0.6960950764006791,True
312,http,http,0.6960950764006791,True
313,http,http,0.907035175879397,True
314,http,http,0.6960950764006791,True
315,http,http,0.6960950764006791,True
316,http,http,0.6960950764006791,True
317,http,http,0.6960950764006791,True
318,http,http,0.907035175879397,True
319,http,http,0.6960950764006791,True
320,http,http,0.6960950764006791,True
321,http,http,0.6960950764006791,True
322,http,http,0.6960950764006791,True
323,http,http,0.6960950764006791,True
324,http,http,0.907035175879397,True
325,http,http,0.6960950764006791,True
326,http,http,0.6960950764006791,True
327,http,http,0.6960950764006791,True
328,http,http,0.6960950764006791,True
329,http,http,0.6960950764006791,True
330,http,http,0.6960950764006791,True
331,http,http,0.6960950764006791,True
332,http,http,0.6960950764006791,True
333,http,http,0.6960950764006791,True
334,http,http,0.6960950764006791,True
335,http,http,0.6960950764006791,True
336,http,http,0.6960950764006791,True
337,http,http,0.6960950764006791,True
338,http,http,0.6960950764006791,True
339,http,http,0.907035175879397,True
340,http,http,0.6960950764006791,True
341,http,http,0.6960950764006791,True
342,http,http,0.6960950764006791,True
343,http,http,0.6960950764006791,True
344,http,http,0.6960950764006791,True
345,http,http,0.6960950764006791,True
346,http,http,0.6960950764006791,True
347,http,http,0.6960950764006791,True
348,http,http,0.6960950764006791,True
349,http,http,0.6960950764006791,True
350,http,http,0.6960950764006791,True
351,http,http,0.6960950764006791,True
352,http,http,0.7081174438687392,True
353,http,http,0.6960950764006791,True
354,http,http,0.7081174438687392,True
355,http,http,0.7081174438687392,True
356,http,http,0.7081174438687392,True
357,http,http,0.6960950764006791,True
358,http,http,0.6960950764006791,True
359,http,http,0.9621212121212122,True
360,http,http,0.9621212121212122,True
361,http,http,0.9621212121212122,True
362,http,http,0.9621212121212122,True
363,http,http,0.9621212121212122,True
364,http,http,0.9746543778801844,True
365,http,http,0.9746543778801844,True
366,http,bittorrent,0.9693206720233747,False
367,http,bittorrent,0.9693206720233747,False
368,http,http,0.907035175879397,True
369,http,bittorrent,0.9854280510018215,False
370,http,bittorrent,0.9854280510018215,False
371,http,bittorrent,0.9854280510018215,False
372,http,bittorrent,0.9854280510018215,False
373,http,bittorrent,0.9693206720233747,False
374,http,http,0.9786223277909739,True
375,http,http,0.9739413680781759,True
376,http,http,0.907035175879397,True
377,http,http,0.7081174438687392,True
378,http,http,0.907035175879397,True
379,http,http,0.9786223277909739,True
380,http,http,0.9786096256684492,True
381,http,http,0.9546191247974068,True
382,http,http,0.9546191247974068,True
383,http,http,0.9786223277909739,True
384,http,http,0.9546191247974068,True
385,http,http,0.9786223277909739,True
386,http,http,0.9786223277909739,True
387,http,http,0.9739413680781759,True
388,http,http,0.9739413680781759,True
389,http,http,0.9786223277909739,True
390,http,bittorrent,0.9854280510018215,False
391,http,bittorrent,0.9891095451633568,False
392,http,http,0.9786223277909739,True
393,http,http,0.9786223277909739,True
394,http,http,0.9546191247974068,True
395,http,http,0.9739413680781759,True
396,http,http,0.9786096256684492,True
397,http,http,0.9767025089605734,True
398,http,http,0.9767025089605734,True
399,http,http,0.9767025089605734,True
400,http,http,0.9767025089605734,True
401,http,http,0.907035175879397,True
402,http,http,0.6960950764006791,True
403,http,http,0.9546191247974068,True
404,http,http,0.9541284403669725,True
405,http,http,0.9621212121212122,True
406,http,http,0.6960950764006791,True
407,http,http,0.9786223277909739,True
408,http,http,0.9767025089605734,True
409,http,http,0.9786223277909739,True
410,http,http,0.9786223277909739,True
411,http,bittorrent,0.9854280510018215,False
412,http,http,0.907035175879397,True
413,http,bittorrent,0.9854280510018215,False
414,http,bittorrent,0.9891095451633568,False
415,http,http,0.907035175879397,True
416,http,http,0.96875,True
417,http,http,0.9621212121212122,True
418,http,http,0.9621212121212122,True
419,http,http,0.9621212121212122,True
420,http,http,0.9621212121212122,True
421,http,http,0.9621212121212122,True
422,http,http,0.9786223277909739,True
423,http,http,0.9786223277909739,True
424,http,http,0.9767025089605734,True
425,http,http,0.9786223277909739,True
426,http,bittorrent,0.9854280510018215,False
427,http,bittorrent,0.9854280510018215,False
428,http,http,0.9009009009009009,True
429,http,http,0.9786096256684492,True
430,http,http,0.9786223277909739,True
431,http,http,0.9786223277909739,True
432,http,http,0.9786223277909739,True
433,http,bittorrent,0.9854280510018215,False
434,http,bittorrent,0.9854280510018215,False
435,http,http,0.9546191247974068,True
436,http,http,0.9546191247974068,True
437,http,http,0.9546191247974068,True
438,http,http,0.9546191247974068,True
439,http,http,0.907035175879397,True
440,http,http,0.9786096256684492,True
441,http,http,0.9767025089605734,True
442,http,http,0.9767025089605734,True
443,http,http,0.9621212121212122,True
444,http,http,0.9621212121212122,True
445,http,http,0.9621212121212122,True
446,http,http,0.9621212121212122,True
447,http,bittorrent,0.9854280510018215,False
448,http,bittorrent,0.9854280510018215,False
449,http,bittorrent,0.9854280510018215,False
450,http,bittorrent,0.9693206720233747,False
451,http,bittorrent,0.9854280510018215,False
452,http,bittorrent,0.9854280510018215,False
453,http,bittorrent,0.9854280510018215,False
454,http,http,0.9786096256684492,True
455,http,http,0.9786223277909739,True
456,http,bittorrent,0.9693206720233747,False
457,http,http,0.9767025089605734,True
458,http,http,0.9786223277909739,True
459,http,http,0.900804289544236,True
460,http,http,0.96875,True
461,http,http,0.8962025316455696,True
462,http,http,0.96875,True
463,http,http,0.96875,True
464,http,http,0.96875,True
465,http,http,0.96875,True
466,http,http,0.7081174438687392,True
467,http,http,0.7081174438687392,True
468,http,http,0.9746543778801844,True
469,http,http,0.7081174438687392,True
470,http,http,0.7081174438687392,True
471,http,http,0.6960950764006791,True
472,http,http,0.7081174438687392,True
473,http,http,0.9621212121212122,True
474,http,http,0.7081174438687392,True
475,http,http,0.7081174438687392,True
476,http,http,0.900804289544236,True
477,http,http,0.7081174438687392,True
478,http,http,0.9786223277909739,True
479,http,http,0.9621212121212122,True
480,http,http,0.6960950764006791,True
481,http,http,0.907035175879397,True
482,http,http,0.907035175879397,True
483,http,http,0.907035175879397,True
484,http,http,0.907035175879397,True
485,http,bittorrent,0.954,False
486,http,bittorrent,0.954,False
487,http,http,0.907035175879397,True
488,http,http,0.907035175879397,True
489,http,http,0.907035175879397,True
490,http,http,0.6960950764006791,True
491,http,http,0.907035175879397,True
492,http,http,0.907035175879397,True
493,http,http,0.907035175879397,True
494,http,http,0.907035175879397,True
495,http,http,0.6960950764006791,True
496,http,http,0.907035175879397,True
497,http,http,0.907035175879397,True
498,http,http,0.7081174438687392,True
499,http,http,0.907035175879397,True
500,http,http,0.907035175879397,True
501,http,http,0.907035175879397,True
502,http,http,0.907035175879397,True
503,http,http,0.907035175879397,True
504,http,bittorrent,0.954,False
505,http,bittorrent,0.954,False
506,http,http,0.6960950764006791,True
507,http,http,0.7081174438687392,True
508,http,bittorrent,0.954,False
509,http,http,0.6960950764006791,True
510,http,http,0.907035175879397,True
511,http,http,0.907035175879397,True
512,http,http,0.907035175879397,True
513,http,http,0.907035175879397,True
514,http,http,0.907035175879397,True
515,http,bittorrent,0.954,False
516,http,http,0.96875,True
517,http,http,0.96875,True
518,http,http,0.96875,True
519,http,http,0.96875,True
520,http,http,0.9786223277909739,True
521,http,http,0.9786223277909739,True
522,http,http,0.9786223277909739,True
523,http,bittorrent,0.9703622392974753,False
524,http,http,0.9009009009009009,True
525,http,http,0.6960950764006791,True
526,http,bittorrent,0.954,False
527,http,bittorrent,0.954,False
528,http,http,0.7081174438687392,True
529,http,http,0.7081174438687392,True
530,http,http,0.7081174438687392,True
531,http,http,0.7081174438687392,True
532,http,http,0.7081174438687392,True
533,http,http,0.7081174438687392,True
534,http,http,0.9786223277909739,True
535,http,http,0.9786223277909739,True
536,http,http,0.96875,True
537,http,http,0.7081174438687392,True
538,http,http,0.7081174438687392,True
539,http,http,0.7081174438687392,True
540,http,http,0.7081174438687392,True
541,http,http,0.7081174438687392,True
542,http,http,0.7081174438687392,True
543,http,http,0.7081174438687392,True
544,http,http,0.7081174438687392,True
545,http,http,0.7081174438687392,True
546,http,http,0.7081174438687392,True
547,http,http,0.7081174438687392,True
548,http,http,0.7081174438687392,True
549,http,http,0.7081174438687392,True
550,http,http,0.7081174438687392,True
551,http,http,0.7081174438687392,True
552,http,http,0.7081174438687392,True
553,http,http,0.7081174438687392,True
554,http,http,0.7081174438687392,True
555,http,http,0.7081174438687392,True
556,http,http,0.7081174438687392,True
557,http,http,0.7081174438687392,True
558,http,http,0.7081174438687392,True
559,http,http,0.7081174438687392,True
560,http,http,0.7081174438687392,True
561,http,http,0.9621212121212122,True
562,http,http,0.7081174438687392,True
563,http,http,0.7081174438687392,True
564,http,http,0.7081174438687392,True
565,http,http,0.7081174438687392,True
566,http,http,0.7081174438687392,True
567,http,http,0.7081174438687392,True
568,http,http,0.7081174438687392,True
569,http,http,0.7081174438687392,True
570,http,http,0.7081174438687392,True
571,http,http,0.7081174438687392,True
572,http,http,0.7081174438687392,True
573,http,http,0.7081174438687392,True
574,http,http,0.7081174438687392,True
575,http,http,0.7081174438687392,True
576,http,http,0.7081174438687392,True
577,http,http,0.7081174438687392,True
578,http,http,0.7081174438687392,True
579,http,http,0.7081174438687392,True
580,http,http,0.7081174438687392,True
581,http,http,0.7081174438687392,True
582,http,http,0.7081174438687392,True
583,http,http,0.7081174438687392,True
584,http,http,0.7081174438687392,True
585,http,http,0.7081174438687392,True
586,http,http,0.7081174438687392,True
587,http,http,0.7081174438687392,True
588,http,http,0.7081174438687392,True
589,http,http,0.7081174438687392,True
590,http,http,0.7081174438687392,True
591,http,http,0.7081174438687392,True
592,http,http,0.7081174438687392,True
593,http,http,0.7081174438687392,True
594,http,http,0.7081174438687392,True
595,http,http,0.7081174438687392,True
596,http,http,0.7081174438687392,True
597,http,http,0.7081174438687392,True
598,http,http,0.7081174438687392,True
599,http,http,0.900804289544236,True
600,http,http,0.9767025089605734,True
601,http,http,0.7081174438687392,True
602,http,http,0.7081174438687392,True
603,http,http,0.7081174438687392,True
604,http,http,0.7081174438687392,True
605,http,http,0.7081174438687392,True
606,http,http,0.7081174438687392,True
607,http,http,0.7081174438687392,True
608,http,http,0.7081174438687392,True
609,http,http,0.7081174438687392,True
610,http,http,0.7081174438687392,True
611,http,http,0.7081174438687392,True
612,http,http,0.7081174438687392,True
613,http,http,0.7081174438687392,True
614,http,http,0.7081174438687392,True
615,http,http,0.7081174438687392,True
616,http,http,0.7081174438687392,True
617,http,http,0.7081174438687392,True
618,http,http,0.7081174438687392,True
619,http,http,0.7081174438687392,True
620,http,http,0.9541284403669725,True
621,http,http,0.9541284403669725,True
622,http,http,0.8962025316455696,True
623,http,http,0.907035175879397,True
624,http,http,0.8962025316455696,True
625,http,http,0.9541284403669725,True
626,http,http,0.9621212121212122,True
627,http,http,1.0,True
628,http,http,1.0,True
629,http,http,0.9541284403669725,True
630,http,http,0.9541284403669725,True
631,http,http,0.9786223277909739,True
632,http,http,0.9541284403669725,True
633,http,http,0.9739413680781759,True
634,http,http,0.9767025089605734,True
635,http,http,0.96875,True
636,http,http,0.9546191247974068,True
637,http,http,0.9739413680781759,True
638,http,http,0.9546191247974068,True
639,http,http,0.9546191247974068,True
640,http,http,0.6960950764006791,True
641,http,http,0.9767025089605734,True
642,http,http,0.9767025089605734,True
643,http,http,0.9786223277909739,True
644,http,http,0.9786223277909739,True
645,http,http,0.907035175879397,True
646,http,http,0.9786223277909739,True
647,http,http,0.9786096256684492,True
648,http,http,0.8962025316455696,True
649,http,http,0.6960950764006791,True
650,http,http,0.6960950764006791,True
651,http,http,0.900804289544236,True
652,http,http,0.9621212121212122,True
653,http,http,0.9786223277909739,True
654,http,http,0.9767025089605734,True
655,http,http,0.900804289544236,True
656,http,http,0.6960950764006791,True
657,http,http,0.900804289544236,True
658,http,http,0.900804289544236,True
659,http,http,0.900804289544236,True
660,http,http,0.6960950764006791,True
661,http,http,0.6960950764006791,True
662,http,http,0.6960950764006791,True
663,http,http,0.900804289544236,True
664,http,bittorrent,0.9703622392974753,False
665,http,bittorrent,0.954,False
666,http,bittorrent,0.954,False
667,http,bittorrent,0.9693206720233747,False
668,http,http,0.7081174438687392,True
669,http,http,0.7081174438687392,True
670,http,bittorrent,0.9891095451633568,False
671,http,bittorrent,0.9854280510018215,False
672,http,bittorrent,0.9854280510018215,False
673,http,bittorrent,0.9854280510018215,False
674,http,bittorrent,0.954,False
675,http,bittorrent,0.9854280510018215,False
676,http,bittorrent,0.9854280510018215,False
677,http,bittorrent,0.9891095451633568,False
678,http,bittorrent,0.9891095451633568,False
679,http,bittorrent,0.9854280510018215,False
680,http,bittorrent,0.9854280510018215,False
681,http,bittorrent,0.9854280510018215,False
682,http,bittorrent,0.9854280510018215,False
683,http,bittorrent,0.9854280510018215,False
684,http,bittorrent,0.9854280510018215,False
685,http,bittorrent,0.9693206720233747,False
686,http,bittorrent,0.9693206720233747,False
687,http,bittorrent,0.9693206720233747,False
688,http,bittorrent,0.9891095451633568,False
689,http,bittorrent,0.9693206720233747,False
690,http,bittorrent,0.9693206720233747,False
691,http,bittorrent,0.9693206720233747,False
692,http,bittorrent,0.9854280510018215,False
693,http,bittorrent,0.9854280510018215,False
694,http,bittorrent,0.9891095451633568,False
695,http,http,0.7081174438687392,True
696,http,bittorrent,0.9693206720233747,False
697,http,bittorrent,0.9693206720233747,False
698,http,bittorrent,0.9891095451633568,False
699,http,bittorrent,0.9854280510018215,False
700,http,bittorrent,0.9854280510018215,False
701,http,bittorrent,0.9693206720233747,False
702,http,bittorrent,0.9693206720233747,False
703,http,bittorrent,0.9854280510018215,False
704,http,bittorrent,0.954,False
705,http,bittorrent,0.9854280510018215,False
706,http,bittorrent,0.9854280510018215,False
707,http,http,0.900804289544236,True
708,http,bittorrent,0.9693206720233747,False
709,http,bittorrent,0.9854280510018215,False
710,http,bittorrent,0.9854280510018215,False
711,http,bittorrent,0.9703622392974753,False
712,http,bittorrent,0.9854280510018215,False
713,http,bittorrent,0.9891095451633568,False
714,http,bittorrent,0.9854280510018215,False
715,http,bittorrent,0.9854280510018215,False
716,http,bittorrent,0.9854280510018215,False
717,http,bittorrent,0.9854280510018215,False
718,http,bittorrent,0.9891095451633568,False
719,http,bittorrent,0.9854280510018215,False
720,http,bittorrent,0.954,False
721,http,bittorrent,0.9854280510018215,False
722,http,bittorrent,0.9854280510018215,False
723,http,bittorrent,0.9854280510018215,False
724,http,bittorrent,0.9854280510018215,False
725,http,bittorrent,0.9854280510018215,False
726,http,bittorrent,0.9854280510018215,False
727,http,bittorrent,0.9891095451633568,False
728,http,bittorrent,0.9891095451633568,False
729,http,bittorrent,0.9854280510018215,False
730,http,bittorrent,0.9854280510018215,False
731,http,bittorrent,0.9854280510018215,False
732,http,bittorrent,0.9854280510018215,False
733,http,bittorrent,0.9854280510018215,False
734,http,bittorrent,0.9854280510018215,False
735,http,bittorrent,0.9891095451633568,False
736,http,bittorrent,0.9891095451633568,False
737,http,bittorrent,0.9854280510018215,False
738,http,bittorrent,0.9854280510018215,False
739,http,bittorrent,0.9854280510018215,False
740,http,bittorrent,0.9854280510018215,False
741,http,bittorrent,0.954,False
742,http,bittorrent,0.9891095451633568,False
743,http,bittorrent,0.9854280510018215,False
744,http,bittorrent,0.9854280510018215,False
745,http,bittorrent,0.9891095451633568,False
746,http,bittorrent,0.9854280510018215,False
747,http,bittorrent,0.954,False
748,http,bittorrent,0.9891095451633568,False
749,http,bittorrent,0.9854280510018215,False
750,http,bittorrent,0.9854280510018215,False
751,http,bittorrent,0.9891095451633568,False
752,http,bittorrent,0.9854280510018215,False
753,http,bittorrent,0.9854280510018215,False
754,http,bittorrent,0.9891095451633568,False
755,http,bittorrent,0.9854280510018215,False
756,http,bittorrent,0.9854280510018215,False
757,http,bittorrent,0.9854280510018215,False
758,http,bittorrent,0.9854280510018215,False
759,http,bittorrent,0.9854280510018215,False
760,http,bittorrent,0.954,False
761,http,bittorrent,0.9854280510018215,False
762,http,bittorrent,0.9854280510018215,False
763,http,bittorrent,0.9891095451633568,False
764,http,bittorrent,0.9854280510018215,False
765,http,bittorrent,0.9854280510018215,False
766,http,bittorrent,0.9891095451633568,False
767,http,bittorrent,0.9854280510018215,False
768,http,bittorrent,0.9854280510018215,False
769,http,bittorrent,0.9854280510018215,False
770,http,bittorrent,0.9854280510018215,False
771,http,bittorrent,0.9854280510018215,False
772,http,bittorrent,0.9891095451633568,False
773,http,bittorrent,0.9891095451633568,False
774,http,bittorrent,0.9854280510018215,False
775,http,bittorrent,0.9854280510018215,False
776,http,bittorrent,0.9854280510018215,False
777,http,bittorrent,0.9854280510018215,False
778,http,bittorrent,0.9854280510018215,False
779,http,bittorrent,0.954,False
780,http,bittorrent,0.9854280510018215,False
781,http,bittorrent,0.9854280510018215,False
782,http,bittorrent,0.9854280510018215,False
783,http,bittorrent,0.9854280510018215,False
784,http,bittorrent,0.9854280510018215,False
785,http,bittorrent,0.9854280510018215,False
786,http,bittorrent,0.9854280510018215,False
787,http,bittorrent,0.9854280510018215,False
788,http,bittorrent,0.954,False
789,http,bittorrent,0.9854280510018215,False
790,http,bittorrent,0.9891095451633568,False
791,http,bittorrent,0.9891095451633568,False
792,http,bittorrent,0.954,False
793,http,bittorrent,0.9891095451633568,False
794,http,bittorrent,0.9891095451633568,False
795,http,bittorrent,0.9854280510018215,False
796,http,bittorrent,0.9854280510018215,False
797,http,bittorrent,0.9854280510018215,False
798,http,bittorrent,0.9891095451633568,False
799,http,bittorrent,0.9854280510018215,False
800,http,bittorrent,0.9854280510018215,False
801,http,bittorrent,0.9854280510018215,False
802,http,bittorrent,0.9891095451633568,False
803,http,bittorrent,0.9854280510018215,False
804,http,bittorrent,0.9891095451633568,False
805,http,bittorrent,0.9854280510018215,False
806,http,bittorrent,0.9854280510018215,False
807,http,bittorrent,0.9891095451633568,False
808,http,bittorrent,0.9891095451633568,False
809,http,bittorrent,0.9854280510018215,False
810,http,bittorrent,0.9854280510018215,False
811,http,bittorrent,0.9854280510018215,False
812,http,bittorrent,0.9854280510018215,False
813,http,bittorrent,0.9854280510018215,False
814,http,bittorrent,0.9891095451633568,False
815,http,bittorrent,0.9891095451633568,False
816,http,bittorrent,0.9854280510018215,False
817,http,bittorrent,0.9854280510018215,False
818,http,bittorrent,0.9854280510018215,False
819,http,bittorrent,0.954,False
820,http,bittorrent,0.9891095451633568,False
821,http,bittorrent,0.9854280510018215,False
822,http,bittorrent,0.954,False
823,http,bittorrent,0.9854280510018215,False
824,http,bittorrent,0.9854280510018215,False
825,http,bittorrent,0.9854280510018215,False
826,http,bittorrent,0.9891095451633568,False
827,http,bittorrent,0.9854280510018215,False
828,http,bittorrent,0.9854280510018215,False
829,http,bittorrent,0.9854280510018215,False
830,http,bittorrent,0.9854280510018215,False
831,http,bittorrent,0.9854280510018215,False
832,http,bittorrent,0.9891095451633568,False
833,http,bittorrent,0.9854280510018215,False
834,http,bittorrent,0.9891095451633568,False
835,http,bittorrent,0.9891095451633568,False
836,http,bittorrent,0.9891095451633568,False
837,http,bittorrent,0.9854280510018215,False
838,http,bittorrent,0.9854280510018215,False
839,http,bittorrent,0.9891095451633568,False
840,http,bittorrent,0.9854280510018215,False
841,http,bittorrent,0.9854280510018215,False
842,http,bittorrent,0.9891095451633568,False
843,http,bittorrent,0.954,False
844,http,bittorrent,0.9891095451633568,False
845,http,bittorrent,0.9854280510018215,False
846,http,bittorrent,0.9854280510018215,False
847,http,bittorrent,0.9854280510018215,False
848,gnutella,bittorrent,0.9693206720233747,False
849,gnutella,bittorrent,0.9891095451633568,False
850,gnutella,bittorrent,0.9891095451633568,False
851,gnutella,bittorrent,0.9703622392974753,False
852,gnutella,bittorrent,0.9693206720233747,False
853,gnutella,http,0.7081174438687392,False
854,gnutella,bittorrent,0.9703622392974753,False
855,gnutella,bittorrent,0.9703622392974753,False
856,gnutella,bittorrent,0.9854280510018215,False
857,gnutella,bittorrent,0.9693206720233747,False
858,gnutella,bittorrent,0.9891095451633568,False
859,gnutella,bittorrent,0.9693206720233747,False
860,edonkey,bittorrent,0.9703622392974753,False
861,edonkey,bittorrent,0.9891095451633568,False
862,edonkey,bittorrent,0.9854280510018215,False
863,edonkey,bittorrent,0.954,False
864,edonkey,bittorrent,0.9703622392974753,False
865,edonkey,bittorrent,0.9854280510018215,False
866,edonkey,bittorrent,0.9854280510018215,False
867,edonkey,bittorrent,0.9703622392974753,False
868,edonkey,bittorrent,0.9693206720233747,False
869,edonkey,bittorrent,0.9854280510018215,False
870,edonkey,bittorrent,0.9854280510018215,False
871,edonkey,bittorrent,0.9703622392974753,False
872,edonkey,bittorrent,0.9703622392974753,False
873,edonkey,bittorrent,0.9703622392974753,False
874,edonkey,bittorrent,0.9891095451633568,False
875,edonkey,bittorrent,0.9693206720233747,False
876,bittorrent,bittorrent,0.9693206720233747,True
877,bittorrent,bittorrent,0.9854280510018215,True
878,bittorrent,bittorrent,0.9891095451633568,True
879,bittorrent,bittorrent,0.9891095451633568,True
880,bittorrent,bittorrent,0.9854280510018215,True
881,bittorrent,bittorrent,0.9854280510018215,True
882,bittorrent,bittorrent,0.954,True
883,bittorrent,bittorrent,0.954,True
884,bittorrent,bittorrent,0.9854280510018215,True
885,bittorrent,bittorrent,0.9891095451633568,True
886,bittorrent,bittorrent,0.9891095451633568,True
887,bittorrent,bittorrent,0.954,True
888,bittorrent,bittorrent,0.9854280510018215,True
889,bittorrent,bittorrent,0.9854280510018215,True
890,bittorrent,bittorrent,0.9854280510018215,True
891,bittorrent,bittorrent,0.9891095451633568,True
892,bittorrent,bittorrent,0.9891095451633568,True
893,bittorrent,bittorrent,0.9854280510018215,True
894,bittorrent,bittorrent,0.9854280510018215,True
895,bittorrent,bittorrent,0.9854280510018215,True
896,bittorrent,bittorrent,0.9891095451633568,True
897,bittorrent,bittorrent,0.9854280510018215,True
898,bittorrent,bittorrent,0.9703622392974753,True
899,bittorrent,bittorrent,0.9854280510018215,True
900,bittorrent,bittorrent,0.9854280510018215,True
901,bittorrent,bittorrent,0.9891095451633568,True
902,bittorrent,bittorrent,0.9854280510018215,True
903,bittorrent,bittorrent,0.9891095451633568,True
904,bittorrent,bittorrent,0.954,True
905,bittorrent,bittorrent,0.9854280510018215,True
906,bittorrent,bittorrent,0.9891095451633568,True
907,bittorrent,bittorrent,0.954,True
908,bittorrent,bittorrent,0.9854280510018215,True
909,bittorrent,bittorrent,0.9891095451633568,True
910,bittorrent,bittorrent,0.954,True
911,bittorrent,bittorrent,0.9891095451633568,True
912,bittorrent,bittorrent,0.9854280510018215,True
913,bittorrent,bittorrent,0.9854280510018215,True
914,bittorrent,bittorrent,0.9854280510018215,True
915,bittorrent,bittorrent,0.9854280510018215,True
916,bittorrent,bittorrent,0.9891095451633568,True
917,bittorrent,bittorrent,0.9891095451633568,True
918,bittorrent,bittorrent,0.9891095451633568,True
919,bittorrent,bittorrent,0.9693206720233747,True
920,bittorrent,bittorrent,0.9703622392974753,True
921,bittorrent,bittorrent,0.9891095451633568,True
922,bittorrent,bittorrent,0.954,True
923,bittorrent,bittorrent,0.9891095451633568,True
924,bittorrent,bittorrent,0.9703622392974753,True
925,bittorrent,bittorrent,0.9891095451633568,True
926,bittorrent,bittorrent,0.9891095451633568,True
927,bittorrent,bittorrent,0.9703622392974753,True
928,bittorrent,bittorrent,0.9703622392974753,True
929,bittorrent,bittorrent,0.9891095451633568,True
930,bittorrent,bittorrent,0.9854280510018215,True
931,bittorrent,bittorrent,0.9891095451633568,True
932,bittorrent,bittorrent,0.9891095451633568,True
933,bittorrent,bittorrent,0.9891095451633568,True
934,bittorrent,bittorrent,0.9703622392974753,True
935,bittorrent,bittorrent,0.9703622392974753,True
936,bittorrent,bittorrent,0.9854280510018215,True
937,bittorrent,bittorrent,0.9891095451633568,True
938,bittorrent,bittorrent,0.9854280510018215,True
939,bittorrent,bittorrent,0.9854280510018215,True
940,bittorrent,bittorrent,0.9854280510018215,True
941,bittorrent,bittorrent,0.954,True
942,bittorrent,bittorrent,0.9854280510018215,True
943,bittorrent,bittorrent,0.9854280510018215,True
944,bittorrent,bittorrent,0.9891095451633568,True
945,bittorrent,bittorrent,0.9703622392974753,True
946,bittorrent,bittorrent,0.9854280510018215,True
947,bittorrent,bittorrent,0.954,True
948,bittorrent,bittorrent,0.9891095451633568,True
949,bittorrent,bittorrent,0.9891095451633568,True
950,bittorrent,bittorrent,0.9891095451633568,True
951,bittorrent,bittorrent,0.954,True
952,bittorrent,bittorrent,0.9854280510018215,True
953,bittorrent,bittorrent,0.9891095451633568,True
954,bittorrent,bittorrent,0.9891095451633568,True
955,bittorrent,bittorrent,0.9854280510018215,True
956,bittorrent,bittorrent,0.9854280510018215,True
957,bittorrent,bittorrent,0.9854280510018215,True
958,bittorrent,bittorrent,0.9854280510018215,True
959,bittorrent,bittorrent,0.9891095451633568,True
960,bittorrent,bittorrent,0.9854280510018215,True
961,bittorrent,bittorrent,0.9703622392974753,True
962,bittorrent,bittorrent,0.9703622392974753,True
963,bittorrent,bittorrent,0.9854280510018215,True
964,bittorrent,bittorrent,0.9854280510018215,True
965,bittorrent,bittorrent,0.9854280510018215,True
966,bittorrent,bittorrent,0.9703622392974753,True
967,bittorrent,bittorrent,0.9891095451633568,True
968,bittorrent,bittorrent,0.954,True
969,bittorrent,bittorrent,0.9854280510018215,True
970,bittorrent,bittorrent,0.9703622392974753,True
971,bittorrent,bittorrent,0.9703622392974753,True
972,bittorrent,bittorrent,0.9891095451633568,True
973,bittorrent,bittorrent,0.9854280510018215,True
974,bittorrent,bittorrent,0.9854280510018215,True
975,bittorrent,bittorrent,0.9854280510018215,True
976,bittorrent,bittorrent,0.9891095451633568,True
977,bittorrent,bittorrent,0.9854280510018215,True
978,bittorrent,bittorrent,0.9854280510018215,True
979,bittorrent,bittorrent,0.9854280510018215,True
980,bittorrent,bittorrent,0.9891095451633568,True
981,bittorrent,bittorrent,0.9854280510018215,True
982,bittorrent,bittorrent,0.9703622392974753,True
983,bittorrent,bittorrent,0.9854280510018215,True
984,bittorrent,bittorrent,0.9854280510018215,True
985,bittorrent,bittorrent,0.954,True
986,bittorrent,bittorrent,0.9891095451633568,True
987,bittorrent,bittorrent,0.954,True
988,bittorrent,bittorrent,0.9854280510018215,True
989,bittorrent,http,0.7081174438687392,False
990,bittorrent,bittorrent,0.9854280510018215,True
991,bittorrent,http,0.7081174438687392,False
992,bittorrent,bittorrent,0.9854280510018215,True
993,bittorrent,bittorrent,0.9854280510018215,True
994,bittorrent,bittorrent,0.9891095451633568,True
995,bittorrent,bittorrent,0.9854280510018215,True
996,bittorrent,bittorrent,0.9891095451633568,True
997,bittorrent,bittorrent,0.9703622392974753,True
998,bittorrent,bittorrent,0.9703622392974753,True
999,bittorrent,bittorrent,0.954,True
1000,bittorrent,bittorrent,0.9854280510018215,True
1001,bittorrent,bittorrent,0.9891095451633568,True
1002,bittorrent,bittorrent,0.9891095451633568,True
1003,bittorrent,bittorrent,0.9891095451633568,True
1004,bittorrent,bittorrent,0.9854280510018215,True
1005,bittorrent,bittorrent,0.9854280510018215,True
1006,bittorrent,bittorrent,0.9854280510018215,True
1007,bittorrent,bittorrent,0.9891095451633568,True
1008,bittorrent,bittorrent,0.9891095451633568,True
1009,bittorrent,bittorrent,0.9891095451633568,True
1010,bittorrent,bittorrent,0.9891095451633568,True
1011,bittorrent,bittorrent,0.9703622392974753,True
1012,bittorrent,bittorrent,0.9854280510018215,True
1013,bittorrent,bittorrent,0.9891095451633568,True
1014,bittorrent,bittorrent,0.9891095451633568,True
1015,bittorrent,bittorrent,0.954,True
1016,bittorrent,bittorrent,0.954,True
1017,bittorrent,bittorrent,0.9854280510018215,True
1018,bittorrent,bittorrent,0.9891095451633568,True
1019,bittorrent,bittorrent,0.9703622392974753,True
1020,bittorrent,bittorrent,0.9854280510018215,True
1021,bittorrent,bittorrent,0.9854280510018215,True
1022,bittorrent,bittorrent,0.9854280510018215,True
1023,bittorrent,bittorrent,0.9854280510018215,True
1024,bittorrent,bittorrent,0.9891095451633568,True
1025,bittorrent,bittorrent,0.9854280510018215,True
1026,bittorrent,bittorrent,0.954,True
1027,bittorrent,bittorrent,0.9891095451633568,True
1028,bittorrent,bittorrent,0.9891095451633568,True
1029,bittorrent,bittorrent,0.9891095451633568,True
1030,bittorrent,bittorrent,0.9854280510018215,True
1031,bittorrent,bittorrent,0.9854280510018215,True
1032,bittorrent,bittorrent,0.9854280510018215,True
1033,bittorrent,bittorrent,0.9854280510018215,True
1034,bittorrent,bittorrent,0.9854280510018215,True
1035,bittorrent,bittorrent,0.9693206720233747,True
1036,bittorrent,bittorrent,0.9891095451633568,True
1037,bittorrent,bittorrent,0.9854280510018215,True
1038,bittorrent,bittorrent,0.9891095451633568,True
1039,bittorrent,bittorrent,0.9891095451633568,True
1040,bittorrent,bittorrent,0.9891095451633568,True
1041,bittorrent,bittorrent,0.9891095451633568,True
1042,bittorrent,bittorrent,0.954,True
1043,bittorrent,bittorrent,0.9854280510018215,True
1044,bittorrent,bittorrent,0.9854280510018215,True
1045,bittorrent,bittorrent,0.9854280510018215,True
1046,bittorrent,bittorrent,0.9854280510018215,True
1047,bittorrent,bittorrent,0.9703622392974753,True
1048,bittorrent,bittorrent,0.9854280510018215,True
1049,bittorrent,bittorrent,0.9891095451633568,True
1050,bittorrent,http,0.7081174438687392,False
1051,bittorrent,bittorrent,0.9703622392974753,True
1052,bittorrent,bittorrent,0.9854280510018215,True
1053,bittorrent,bittorrent,0.9891095451633568,True
1054,bittorrent,bittorrent,0.9703622392974753,True
1055,bittorrent,bittorrent,0.9703622392974753,True
1056,bittorrent,bittorrent,0.9891095451633568,True
1057,bittorrent,bittorrent,0.9891095451633568,True
1058,bittorrent,bittorrent,0.954,True
1059,bittorrent,bittorrent,0.9891095451633568,True
1060,bittorrent,bittorrent,0.9854280510018215,True
1061,bittorrent,bittorrent,0.954,True
1062,bittorrent,bittorrent,0.9854280510018215,True
1063,bittorrent,bittorrent,0.9854280510018215,True
1064,bittorrent,bittorrent,0.9891095451633568,True
1065,bittorrent,bittorrent,0.9891095451633568,True
1066,bittorrent,bittorrent,0.9854280510018215,True
1067,bittorrent,bittorrent,0.954,True
1068,bittorrent,bittorrent,0.9703622392974753,True
1069,bittorrent,bittorrent,0.9854280510018215,True
1070,bittorrent,bittorrent,0.9891095451633568,True
1071,bittorrent,bittorrent,0.9891095451633568,True
1072,bittorrent,bittorrent,0.9854280510018215,True
1073,bittorrent,bittorrent,0.9891095451633568,True
1074,bittorrent,bittorrent,0.9854280510018215,True
1075,bittorrent,bittorrent,0.9891095451633568,True
1076,bittorrent,bittorrent,0.9854280510018215,True
1077,bittorrent,bittorrent,0.9891095451633568,True
1078,bittorrent,bittorrent,0.9891095451633568,True
1079,bittorrent,bittorrent,0.9703622392974753,True
1080,bittorrent,bittorrent,0.9854280510018215,True
1081,bittorrent,bittorrent,0.9854280510018215,True
1082,bittorrent,bittorrent,0.9854280510018215,True
1083,bittorrent,bittorrent,0.9693206720233747,True
1084,bittorrent,bittorrent,0.9854280510018215,True
1085,bittorrent,bittorrent,0.9693206720233747,True
1086,bittorrent,bittorrent,0.9854280510018215,True
1087,bittorrent,bittorrent,0.9891095451633568,True
1088,bittorrent,bittorrent,0.9854280510018215,True
1089,bittorrent,bittorrent,0.954,True
1090,bittorrent,bittorrent,0.9854280510018215,True
1091,bittorrent,bittorrent,0.9693206720233747,True
1092,bittorrent,http,0.6960950764006791,False
1093,bittorrent,bittorrent,0.9854280510018215,True
1094,bittorrent,bittorrent,0.9693206720233747,True
1095,bittorrent,bittorrent,0.9693206720233747,True
1096,bittorrent,bittorrent,0.9693206720233747,True
1097,bittorrent,bittorrent,0.9703622392974753,True
1098,bittorrent,bittorrent,0.9693206720233747,True
1099,bittorrent,bittorrent,0.9891095451633568,True
1100,bittorrent,bittorrent,0.9891095451633568,True
1101,bittorrent,bittorrent,0.9891095451633568,True
1102,bittorrent,http,0.6960950764006791,False
1103,bittorrent,bittorrent,0.9703622392974753,True
1104,bittorrent,bittorrent,0.9854280510018215,True
1105,bittorrent,bittorrent,0.9891095451633568,True
1106,bittorrent,http,0.7081174438687392,False
1107,bittorrent,bittorrent,0.9693206720233747,True
1108,bittorrent,bittorrent,0.954,True
1109,bittorrent,bittorrent,0.9891095451633568,True
1110,bittorrent,bittorrent,0.9854280510018215,True
1111,bittorrent,bittorrent,0.9891095451633568,True
1112,bittorrent,bittorrent,0.9854280510018215,True
1113,bittorrent,bittorrent,0.9854280510018215,True
1114,bittorrent,bittorrent,0.9693206720233747,True
1115,bittorrent,bittorrent,0.9854280510018215,True
1116,bittorrent,bittorrent,0.9854280510018215,True
1117,bittorrent,bittorrent,0.9854280510018215,True
1118,bittorrent,bittorrent,0.9891095451633568,True
1119,bittorrent,bittorrent,0.9854280510018215,True
1120,bittorrent,bittorrent,0.9891095451633568,True
1121,bittorrent,bittorrent,0.9891095451633568,True
1122,bittorrent,bittorrent,0.9854280510018215,True
1123,bittorrent,bittorrent,0.9854280510018215,True
1124,bittorrent,bittorrent,0.9854280510018215,True
1125,bittorrent,bittorrent,0.9891095451633568,True
1126,bittorrent,bittorrent,0.9891095451633568,True
1127,bittorrent,bittorrent,0.9854280510018215,True
1128,bittorrent,bittorrent,0.9854280510018215,True
1129,bittorrent,bittorrent,0.9854280510018215,True
1130,bittorrent,bittorrent,0.9854280510018215,True
1131,bittorrent,bittorrent,0.9891095451633568,True
1132,bittorrent,bittorrent,0.9854280510018215,True
1133,bittorrent,bittorrent,0.9854280510018215,True
1134,bittorrent,bittorrent,0.9891095451633568,True
1135,bittorrent,bittorrent,0.9854280510018215,True
1136,bittorrent,bittorrent,0.9854280510018215,True
1137,bittorrent,bittorrent,0.9854280510018215,True
1138,bittorrent,bittorrent,0.9891095451633568,True
1139,bittorrent,bittorrent,0.9854280510018215,True
1140,bittorrent,bittorrent,0.9854280510018215,True
1141,bittorrent,bittorrent,0.9854280510018215,True
1142,bittorrent,bittorrent,0.9891095451633568,True
1143,bittorrent,bittorrent,0.9854280510018215,True
1144,bittorrent,bittorrent,0.9854280510018215,True
1145,bittorrent,bittorrent,0.9854280510018215,True
1146,bittorrent,bittorrent,0.954,True
1147,bittorrent,bittorrent,0.9891095451633568,True
1148,bittorrent,bittorrent,0.9891095451633568,True
1149,bittorrent,bittorrent,0.9891095451633568,True
1150,bittorrent,bittorrent,0.9854280510018215,True
1151,bittorrent,bittorrent,0.9854280510018215,True
1152,bittorrent,bittorrent,0.954,True
1153,bittorrent,bittorrent,0.9891095451633568,True
1154,bittorrent,bittorrent,0.9891095451633568,True
1155,bittorrent,bittorrent,0.9891095451633568,True
1156,bittorrent,bittorrent,0.9854280510018215,True
1157,bittorrent,bittorrent,0.9891095451633568,True
1158,bittorrent,bittorrent,0.9854280510018215,True
1159,bittorrent,bittorrent,0.9891095451633568,True
1160,bittorrent,bittorrent,0.9854280510018215,True
1161,bittorrent,bittorrent,0.9854280510018215,True
1162,bittorrent,bittorrent,0.9891095451633568,True
1163,bittorrent,bittorrent,0.9854280510018215,True
1164,bittorrent,bittorrent,0.9854280510018215,True
1165,bittorrent,http,0.900804289544236,False
1166,bittorrent,bittorrent,0.9854280510018215,True
1167,bittorrent,bittorrent,0.9854280510018215,True
1168,bittorrent,bittorrent,0.9854280510018215,True
1169,bittorrent,bittorrent,0.9891095451633568,True
1170,bittorrent,bittorrent,0.954,True
1171,bittorrent,bittorrent,0.9891095451633568,True
1172,bittorrent,bittorrent,0.9854280510018215,True
1173,bittorrent,bittorrent,0.9854280510018215,True
1174,bittorrent,bittorrent,0.9854280510018215,True
1175,bittorrent,bittorrent,0.9854280510018215,True
1176,bittorrent,bittorrent,0.9854280510018215,True
1177,bittorrent,bittorrent,0.9854280510018215,True
1178,bittorrent,bittorrent,0.9854280510018215,True
1179,bittorrent,bittorrent,0.9854280510018215,True
1180,bittorrent,bittorrent,0.9854280510018215,True
1181,bittorrent,bittorrent,0.9854280510018215,True
1182,bittorrent,bittorrent,0.9854280510018215,True
1183,bittorrent,bittorrent,0.9854280510018215,True
1184,bittorrent,bittorrent,0.9891095451633568,True
1185,bittorrent,bittorrent,0.9854280510018215,True
1186,bittorrent,bittorrent,0.9891095451633568,True
1187,bittorrent,bittorrent,0.9854280510018215,True
1188,bittorrent,bittorrent,0.9891095451633568,True
1189,bittorrent,bittorrent,0.9854280510018215,True
1190,bittorrent,bittorrent,0.9854280510018215,True
1191,bittorrent,bittorrent,0.9891095451633568,True
1192,bittorrent,bittorrent,0.9891095451633568,True
1193,bittorrent,bittorrent,0.9854280510018215,True
1194,bittorrent,bittorrent,0.9854280510018215,True
1195,bittorrent,bittorrent,0.9891095451633568,True
1196,bittorrent,bittorrent,0.9854280510018215,True
1197,bittorrent,bittorrent,0.9891095451633568,True
1198,bittorrent,bittorrent,0.954,True
1199,bittorrent,bittorrent,0.9854280510018215,True
1200,bittorrent,bittorrent,0.9854280510018215,True
1201,bittorrent,bittorrent,0.9854280510018215,True
1202,bittorrent,bittorrent,0.9854280510018215,True
1203,bittorrent,bittorrent,0.9854280510018215,True
1204,bittorrent,bittorrent,0.954,True
1205,bittorrent,bittorrent,0.954,True
1206,bittorrent,bittorrent,0.9891095451633568,True
1207,bittorrent,bittorrent,0.9854280510018215,True
1208,bittorrent,bittorrent,0.9891095451633568,True
1209,bittorrent,bittorrent,0.9854280510018215,True
1210,bittorrent,bittorrent,0.9854280510018215,True
1211,bittorrent,bittorrent,0.9891095451633568,True
1212,bittorrent,bittorrent,0.9854280510018215,True
1213,bittorrent,bittorrent,0.9854280510018215,True
1214,bittorrent,bittorrent,0.9854280510018215,True
1215,bittorrent,bittorrent,0.9854280510018215,True
1216,bittorrent,bittorrent,0.9891095451633568,True
1217,bittorrent,bittorrent,0.9854280510018215,True
1218,bittorrent,bittorrent,0.9854280510018215,True
1219,bittorrent,bittorrent,0.9854280510018215,True
1220,bittorrent,bittorrent,0.9854280510018215,True
1221,bittorrent,bittorrent,0.9891095451633568,True
1222,bittorrent,bittorrent,0.9854280510018215,True
1223,bittorrent,bittorrent,0.9854280510018215,True
1224,bittorrent,bittorrent,0.9854280510018215,True
1225,bittorrent,bittorrent,0.9854280510018215,True
1226,bittorrent,bittorrent,0.9891095451633568,True
1227,bittorrent,bittorrent,0.9891095451633568,True
1228,bittorrent,bittorrent,0.9891095451633568,True
1229,bittorrent,bittorrent,0.954,True
1230,bittorrent,bittorrent,0.9854280510018215,True
1231,bittorrent,bittorrent,0.9891095451633568,True
1232,bittorrent,bittorrent,0.954,True
1233,bittorrent,bittorrent,0.9854280510018215,True
1234,bittorrent,bittorrent,0.9854280510018215,True
1235,bittorrent,bittorrent,0.9854280510018215,True
1236,bittorrent,bittorrent,0.9854280510018215,True
1237,bittorrent,bittorrent,0.9854280510018215,True
1238,bittorrent,bittorrent,0.9854280510018215,True
1239,bittorrent,bittorrent,0.9891095451633568,True
1240,bittorrent,bittorrent,0.9891095451633568,True
1241,bittorrent,bittorrent,0.9854280510018215,True
1242,bittorrent,bittorrent,0.9854280510018215,True
1243,bittorrent,bittorrent,0.9854280510018215,True
1244,bittorrent,bittorrent,0.9891095451633568,True
1245,bittorrent,bittorrent,0.9854280510018215,True
1246,bittorrent,bittorrent,0.9854280510018215,True
1247,bittorrent,bittorrent,0.9854280510018215,True
1248,bittorrent,bittorrent,0.9891095451633568,True
1249,bittorrent,bittorrent,0.9891095451633568,True
1250,bittorrent,bittorrent,0.9891095451633568,True
1251,bittorrent,bittorrent,0.9854280510018215,True
1252,bittorrent,bittorrent,0.9854280510018215,True
1253,bittorrent,bittorrent,0.9854280510018215,True
1254,bittorrent,bittorrent,0.9891095451633568,True
1255,bittorrent,bittorrent,0.9854280510018215,True
1256,bittorrent,bittorrent,0.9854280510018215,True
1257,bittorrent,bittorrent,0.9854280510018215,True
1258,bittorrent,bittorrent,0.9854280510018215,True
1259,bittorrent,bittorrent,0.9891095451633568,True
1260,bittorrent,bittorrent,0.954,True
1261,bittorrent,bittorrent,0.9854280510018215,True
1262,bittorrent,bittorrent,0.9854280510018215,True
1263,bittorrent,bittorrent,0.9891095451633568,True
1264,bittorrent,bittorrent,0.9854280510018215,True
1265,bittorrent,bittorrent,0.9854280510018215,True
1266,bittorrent,bittorrent,0.9854280510018215,True
1267,bittorrent,bittorrent,0.9854280510018215,True
1268,bittorrent,bittorrent,0.9854280510018215,True
1269,bittorrent,bittorrent,0.9891095451633568,True
1270,bittorrent,bittorrent,0.9854280510018215,True
1271,bittorrent,bittorrent,0.9891095451633568,True
1272,bittorrent,bittorrent,0.9854280510018215,True
1273,bittorrent,bittorrent,0.9854280510018215,True
1274,bittorrent,bittorrent,0.9891095451633568,True
1275,bittorrent,bittorrent,0.9854280510018215,True
1276,bittorrent,bittorrent,0.9854280510018215,True
1277,bittorrent,bittorrent,0.9891095451633568,True
1278,bittorrent,bittorrent,0.9854280510018215,True
1279,bittorrent,bittorrent,0.9854280510018215,True
1280,bittorrent,bittorrent,0.9854280510018215,True
1281,bittorrent,bittorrent,0.9854280510018215,True
1282,bittorrent,bittorrent,0.9854280510018215,True
1283,bittorrent,bittorrent,0.9891095451633568,True
1284,bittorrent,bittorrent,0.9854280510018215,True
1285,bittorrent,bittorrent,0.9891095451633568,True
1286,bittorrent,bittorrent,0.9854280510018215,True
1287,bittorrent,bittorrent,0.9854280510018215,True
1288,bittorrent,bittorrent,0.9891095451633568,True
1289,bittorrent,bittorrent,0.9891095451633568,True
1290,bittorrent,bittorrent,0.9854280510018215,True
1291,bittorrent,bittorrent,0.9854280510018215,True
1292,bittorrent,bittorrent,0.9854280510018215,True
1293,bittorrent,bittorrent,0.9891095451633568,True
1294,bittorrent,bittorrent,0.9854280510018215,True
1295,bittorrent,bittorrent,0.9891095451633568,True
1296,bittorrent,bittorrent,0.9854280510018215,True
1297,bittorrent,bittorrent,0.954,True
1298,bittorrent,bittorrent,0.9891095451633568,True
1299,bittorrent,bittorrent,0.9891095451633568,True
1300,bittorrent,bittorrent,0.9854280510018215,True
1301,bittorrent,bittorrent,0.9854280510018215,True
1302,bittorrent,bittorrent,0.9854280510018215,True
1303,bittorrent,bittorrent,0.9854280510018215,True
1304,bittorrent,bittorrent,0.9891095451633568,True
1305,bittorrent,bittorrent,0.9854280510018215,True
1306,bittorrent,bittorrent,0.9854280510018215,True
1307,bittorrent,bittorrent,0.9854280510018215,True
1308,bittorrent,bittorrent,0.9854280510018215,True
1309,bittorrent,bittorrent,0.9891095451633568,True
1310,bittorrent,bittorrent,0.9854280510018215,True
1311,bittorrent,bittorrent,0.9854280510018215,True
1312,bittorrent,bittorrent,0.9854280510018215,True
1313,bittorrent,bittorrent,0.9854280510018215,True
1314,bittorrent,bittorrent,0.9891095451633568,True
1315,bittorrent,bittorrent,0.9854280510018215,True
1316,bittorrent,bittorrent,0.9891095451633568,True
1317,bittorrent,bittorrent,0.9891095451633568,True
1318,bittorrent,bittorrent,0.9854280510018215,True
1319,bittorrent,bittorrent,0.954,True
1320,bittorrent,bittorrent,0.9891095451633568,True
1321,bittorrent,bittorrent,0.9854280510018215,True
1322,bittorrent,bittorrent,0.9891095451633568,True
1323,bittorrent,bittorrent,0.954,True
1324,bittorrent,bittorrent,0.9891095451633568,True
1325,bittorrent,bittorrent,0.954,True
1326,bittorrent,bittorrent,0.9891095451633568,True
1327,bittorrent,bittorrent,0.9891095451633568,True
1328,bittorrent,bittorrent,0.9891095451633568,True
1329,bittorrent,bittorrent,0.9891095451633568,True
1330,bittorrent,bittorrent,0.9891095451633568,True
1331,bittorrent,bittorrent,0.9891095451633568,True
1332,bittorrent,bittorrent,0.9854280510018215,True
1333,bittorrent,bittorrent,0.9891095451633568,True
1334,bittorrent,bittorrent,0.9891095451633568,True
1335,bittorrent,bittorrent,0.9891095451633568,True
1336,bittorrent,bittorrent,0.9854280510018215,True
1337,bittorrent,bittorrent,0.9891095451633568,True
1338,bittorrent,bittorrent,0.9854280510018215,True
1339,bittorrent,bittorrent,0.9854280510018215,True
1340,bittorrent,bittorrent,0.9854280510018215,True
1341,bittorrent,bittorrent,0.9891095451633568,True
1342,bittorrent,bittorrent,0.9891095451633568,True
1343,bittorrent,bittorrent,0.9891095451633568,True
1344,bittorrent,bittorrent,0.9854280510018215,True
1345,bittorrent,http,0.6960950764006791,False
1346,bittorrent,bittorrent,0.9854280510018215,True
1347,bittorrent,bittorrent,0.9891095451633568,True
1348,bittorrent,bittorrent,0.954,True
1349,bittorrent,bittorrent,0.9854280510018215,True
1350,bittorrent,bittorrent,0.9891095451633568,True
1351,bittorrent,bittorrent,0.9854280510018215,True
1352,bittorrent,bittorrent,0.9854280510018215,True
1353,bittorrent,bittorrent,0.9854280510018215,True
1354,bittorrent,bittorrent,0.954,True
1355,bittorrent,bittorrent,0.9854280510018215,True
1356,bittorrent,bittorrent,0.9854280510018215,True
1357,bittorrent,bittorrent,0.9854280510018215,True
1358,bittorrent,bittorrent,0.9854280510018215,True
1359,bittorrent,bittorrent,0.9854280510018215,True
1360,bittorrent,bittorrent,0.9891095451633568,True
1361,bittorrent,bittorrent,0.9854280510018215,True
1362,bittorrent,bittorrent,0.954,True
1363,bittorrent,bittorrent,0.9854280510018215,True
1364,bittorrent,bittorrent,0.9854280510018215,True
1365,bittorrent,bittorrent,0.9854280510018215,True
1366,bittorrent,bittorrent,0.954,True
1367,bittorrent,bittorrent,0.9854280510018215,True
1368,bittorrent,bittorrent,0.9891095451633568,True
1369,bittorrent,bittorrent,0.9891095451633568,True
1370,bittorrent,bittorrent,0.954,True
1371,bittorrent,bittorrent,0.9854280510018215,True
1372,bittorrent,bittorrent,0.9854280510018215,True
1373,bittorrent,bittorrent,0.9891095451633568,True
1374,bittorrent,bittorrent,0.9854280510018215,True
1375,bittorrent,bittorrent,0.9693206720233747,True
1376,bittorrent,bittorrent,0.9854280510018215,True
1377,bittorrent,bittorrent,0.9854280510018215,True
1378,bittorrent,bittorrent,0.9693206720233747,True
1379,bittorrent,bittorrent,0.9693206720233747,True
1380,bittorrent,bittorrent,0.954,True
1381,bittorrent,bittorrent,0.9854280510018215,True
1382,bittorrent,http,0.9546191247974068,False
1383,bittorrent,bittorrent,0.9891095451633568,True
1384,bittorrent,bittorrent,0.9891095451633568,True
1385,bittorrent,bittorrent,0.9854280510018215,True
1386,bittorrent,bittorrent,0.9891095451633568,True
1387,bittorrent,http,0.9546191247974068,False
1388,bittorrent,bittorrent,0.9693206720233747,True
1389,bittorrent,bittorrent,0.9703622392974753,True
1390,bittorrent,bittorrent,0.9891095451633568,True
1391,bittorrent,bittorrent,0.9854280510018215,True
1392,bittorrent,bittorrent,0.9854280510018215,True
1393,bittorrent,bittorrent,0.9854280510018215,True
1394,bittorrent,bittorrent,0.9891095451633568,True
1395,bittorrent,bittorrent,0.9854280510018215,True
1396,bittorrent,bittorrent,0.9854280510018215,True
1397,bittorrent,bittorrent,0.954,True
1398,bittorrent,bittorrent,0.9891095451633568,True
1399,bittorrent,bittorrent,0.9854280510018215,True
1400,bittorrent,bittorrent,0.9854280510018215,True
1401,bittorrent,bittorrent,0.954,True
1402,bittorrent,bittorrent,0.9854280510018215,True
1403,bittorrent,bittorrent,0.954,True
1404,bittorrent,bittorrent,0.9891095451633568,True
1405,bittorrent,bittorrent,0.9854280510018215,True
1406,bittorrent,bittorrent,0.9854280510018215,True
1407,bittorrent,bittorrent,0.9854280510018215,True
1408,bittorrent,bittorrent,0.9891095451633568,True
1409,bittorrent,bittorrent,0.9891095451633568,True
1410,bittorrent,bittorrent,0.9891095451633568,True
1411,bittorrent,bittorrent,0.9891095451633568,True
1412,bittorrent,bittorrent,0.9854280510018215,True
1413,bittorrent,bittorrent,0.9891095451633568,True
1414,bittorrent,bittorrent,0.9854280510018215,True
1415,bittorrent,bittorrent,0.9854280510018215,True
1416,bittorrent,bittorrent,0.9854280510018215,True
1417,bittorrent,bittorrent,0.9891095451633568,True
1418,bittorrent,bittorrent,0.9854280510018215,True
1419,bittorrent,bittorrent,0.9891095451633568,True
1420,bittorrent,bittorrent,0.9693206720233747,True
1421,bittorrent,bittorrent,0.9854280510018215,True
1422,bittorrent,bittorrent,0.9854280510018215,True
1423,bittorrent,bittorrent,0.9854280510018215,True
1424,bittorrent,bittorrent,0.9854280510018215,True
1425,bittorrent,bittorrent,0.9891095451633568,True
1426,bittorrent,bittorrent,0.9891095451633568,True
1427,bittorrent,bittorrent,0.9854280510018215,True
1428,bittorrent,bittorrent,0.9854280510018215,True
1429,bittorrent,bittorrent,0.9891095451633568,True
1430,bittorrent,bittorrent,0.9854280510018215,True
1431,bittorrent,http,0.9767025089605734,False
1432,bittorrent,bittorrent,0.9854280510018215,True
1433,bittorrent,bittorrent,0.9891095451633568,True
1434,bittorrent,bittorrent,0.954,True
1435,bittorrent,bittorrent,0.9891095451633568,True
1436,bittorrent,bittorrent,0.9854280510018215,True
1437,bittorrent,bittorrent,0.9854280510018215,True
1438,bittorrent,bittorrent,0.9854280510018215,True
1439,bittorrent,bittorrent,0.9891095451633568,True
1440,bittorrent,bittorrent,0.9891095451633568,True
1441,bittorrent,bittorrent,0.9703622392974753,True
1442,bittorrent,bittorrent,0.9891095451633568,True
1443,bittorrent,bittorrent,0.9891095451633568,True
1444,bittorrent,bittorrent,0.9854280510018215,True
1445,bittorrent,bittorrent,0.9854280510018215,True
1446,bittorrent,bittorrent,0.9693206720233747,True
1447,bittorrent,bittorrent,0.9854280510018215,True
1448,bittorrent,bittorrent,0.954,True
1449,bittorrent,bittorrent,0.9854280510018215,True
1450,bittorrent,bittorrent,0.9854280510018215,True
1451,bittorrent,bittorrent,0.9854280510018215,True
1452,bittorrent,bittorrent,0.9854280510018215,True
1453,bittorrent,bittorrent,0.9854280510018215,True
1454,bittorrent,bittorrent,0.9854280510018215,True
1455,bittorrent,bittorrent,0.954,True
1456,bittorrent,bittorrent,0.9854280510018215,True
1457,bittorrent,bittorrent,0.9891095451633568,True
1458,bittorrent,bittorrent,0.9854280510018215,True
1459,bittorrent,bittorrent,0.9854280510018215,True
1460,bittorrent,bittorrent,0.9854280510018215,True
1461,bittorrent,bittorrent,0.9854280510018215,True
1462,bittorrent,http,0.9546191247974068,False
1463,bittorrent,bittorrent,0.9693206720233747,True
1464,bittorrent,bittorrent,0.9703622392974753,True
1465,bittorrent,http,0.7081174438687392,False
1466,bittorrent,bittorrent,0.9693206720233747,True
1467,bittorrent,bittorrent,0.9693206720233747,True
1468,bittorrent,bittorrent,0.9693206720233747,True
1469,bittorrent,bittorrent,0.9693206720233747,True
1470,bittorrent,bittorrent,0.9693206720233747,True
1471,bittorrent,bittorrent,0.9693206720233747,True
1472,bittorrent,bittorrent,0.9891095451633568,True
1473,bittorrent,bittorrent,0.9854280510018215,True
1474,bittorrent,bittorrent,0.9854280510018215,True
1475,bittorrent,bittorrent,0.9854280510018215,True
1476,bittorrent,bittorrent,0.9854280510018215,True
1477,bittorrent,bittorrent,0.9891095451633568,True
1478,bittorrent,bittorrent,0.9891095451633568,True
1479,bittorrent,bittorrent,0.9854280510018215,True
1480,bittorrent,bittorrent,0.9854280510018215,True
1481,bittorrent,bittorrent,0.9891095451633568,True
1482,bittorrent,bittorrent,0.9854280510018215,True
1483,bittorrent,bittorrent,0.9854280510018215,True
1484,bittorrent,bittorrent,0.9854280510018215,True
1485,bittorrent,bittorrent,0.9891095451633568,True
1486,bittorrent,bittorrent,0.9854280510018215,True
1487,bittorrent,bittorrent,0.9854280510018215,True
1488,bittorrent,bittorrent,0.9854280510018215,True
1489,bittorrent,bittorrent,0.9891095451633568,True
1490,bittorrent,bittorrent,0.9854280510018215,True
1491,bittorrent,bittorrent,0.9854280510018215,True
1492,bittorrent,bittorrent,0.9854280510018215,True
1493,bittorrent,bittorrent,0.9854280510018215,True
1494,bittorrent,bittorrent,0.9854280510018215,True
1495,bittorrent,bittorrent,0.9891095451633568,True
1496,bittorrent,bittorrent,0.9854280510018215,True
1497,bittorrent,bittorrent,0.9891095451633568,True
1498,bittorrent,bittorrent,0.9854280510018215,True
1499,bittorrent,bittorrent,0.9854280510018215,True
1500,bittorrent,bittorrent,0.954,True
1501,bittorrent,bittorrent,0.9854280510018215,True
1502,bittorrent,bittorrent,0.9854280510018215,True
1503,bittorrent,bittorrent,0.9891095451633568,True
1504,bittorrent,bittorrent,0.9891095451633568,True
1505,bittorrent,bittorrent,0.954,True
1506,bittorrent,bittorrent,0.9854280510018215,True
1507,bittorrent,bittorrent,0.9854280510018215,True
1508,bittorrent,bittorrent,0.9854280510018215,True
1509,bittorrent,bittorrent,0.9854280510018215,True
1510,bittorrent,bittorrent,0.9854280510018215,True
1511,bittorrent,bittorrent,0.9891095451633568,True
1512,bittorrent,bittorrent,0.9854280510018215,True
1513,bittorrent,bittorrent,0.9854280510018215,True
1514,bittorrent,bittorrent,0.9854280510018215,True
1515,bittorrent,bittorrent,0.9854280510018215,True
1516,bittorrent,bittorrent,0.9854280510018215,True
1517,bittorrent,bittorrent,0.9854280510018215,True
1518,bittorrent,bittorrent,0.9891095451633568,True
1519,bittorrent,bittorrent,0.9854280510018215,True
1520,bittorrent,bittorrent,0.9891095451633568,True
1521,bittorrent,bittorrent,0.9854280510018215,True
1522,bittorrent,bittorrent,0.9891095451633568,True
1523,bittorrent,bittorrent,0.9854280510018215,True
1524,bittorrent,bittorrent,0.9854280510018215,True
1525,bittorrent,bittorrent,0.9891095451633568,True
1526,bittorrent,bittorrent,0.9854280510018215,True
1527,bittorrent,bittorrent,0.954,True
1528,bittorrent,bittorrent,0.9854280510018215,True
1529,bittorrent,bittorrent,0.954,True
1530,bittorrent,bittorrent,0.9854280510018215,True
1531,bittorrent,bittorrent,0.9854280510018215,True
1532,bittorrent,bittorrent,0.9854280510018215,True
1533,bittorrent,bittorrent,0.9891095451633568,True
1534,bittorrent,bittorrent,0.9854280510018215,True
1535,bittorrent,bittorrent,0.9854280510018215,True
1536,bittorrent,bittorrent,0.9854280510018215,True
1537,bittorrent,bittorrent,0.9693206720233747,True
1538,bittorrent,bittorrent,0.9854280510018215,True
1539,bittorrent,bittorrent,0.9854280510018215,True
1540,bittorrent,bittorrent,0.9891095451633568,True
1541,bittorrent,bittorrent,0.954,True
1542,bittorrent,bittorrent,0.9891095451633568,True
1543,bittorrent,bittorrent,0.9854280510018215,True
1544,bittorrent,bittorrent,0.9854280510018215,True
1545,bittorrent,bittorrent,0.9854280510018215,True
1546,bittorrent,bittorrent,0.9854280510018215,True
1547,bittorrent,bittorrent,0.9854280510018215,True
1548,bittorrent,bittorrent,0.9693206720233747,True
1549,bittorrent,bittorrent,0.9854280510018215,True
1550,bittorrent,bittorrent,0.9854280510018215,True
1551,bittorrent,bittorrent,0.9854280510018215,True
1552,bittorrent,bittorrent,0.9854280510018215,True
1553,bittorrent,bittorrent,0.9891095451633568,True
1554,bittorrent,bittorrent,0.9891095451633568,True
1555,bittorrent,bittorrent,0.9891095451633568,True
1556,bittorrent,bittorrent,0.9854280510018215,True
1557,bittorrent,bittorrent,0.9891095451633568,True
1558,bittorrent,bittorrent,0.9693206720233747,True
1559,bittorrent,bittorrent,0.9854280510018215,True
1560,bittorrent,bittorrent,0.9891095451633568,True
1561,bittorrent,bittorrent,0.9854280510018215,True
1562,bittorrent,bittorrent,0.9854280510018215,True
1563,bittorrent,bittorrent,0.9854280510018215,True
1564,bittorrent,bittorrent,0.9891095451633568,True
1565,bittorrent,bittorrent,0.9854280510018215,True
1566,bittorrent,bittorrent,0.9891095451633568,True
1567,bittorrent,bittorrent,0.9854280510018215,True
1568,bittorrent,bittorrent,0.9854280510018215,True
1569,bittorrent,bittorrent,0.9854280510018215,True
1570,bittorrent,bittorrent,0.9854280510018215,True
1571,bittorrent,bittorrent,0.9854280510018215,True
1572,bittorrent,bittorrent,0.9854280510018215,True
1573,bittorrent,bittorrent,0.9854280510018215,True
1574,bittorrent,bittorrent,0.9891095451633568,True
1575,bittorrent,bittorrent,0.9854280510018215,True
1576,bittorrent,bittorrent,0.9854280510018215,True
1577,bittorrent,bittorrent,0.9854280510018215,True
1578,bittorrent,bittorrent,0.9703622392974753,True
1579,bittorrent,bittorrent,0.9703622392974753,True
1580,bittorrent,bittorrent,0.9693206720233747,True
1581,bittorrent,bittorrent,0.9693206720233747,True
1582,bittorrent,bittorrent,0.9703622392974753,True
1583,bittorrent,bittorrent,0.9693206720233747,True
1584,bittorrent,bittorrent,0.9703622392974753,True
1585,bittorrent,bittorrent,0.9703622392974753,True
1586,bittorrent,bittorrent,0.9693206720233747,True
1587,bittorrent,bittorrent,0.9693206720233747,True
1588,bittorrent,bittorrent,0.9693206720233747,True
1589,bittorrent,bittorrent,0.9703622392974753,True
1590,bittorrent,bittorrent,0.9703622392974753,True
1591,bittorrent,bittorrent,0.9693206720233747,True
1592,bittorrent,bittorrent,0.9703622392974753,True
1593,bittorrent,bittorrent,0.9693206720233747,True
1594,bittorrent,bittorrent,0.9693206720233747,True
1595,bittorrent,bittorrent,0.9693206720233747,True
1596,bittorrent,bittorrent,0.9693206720233747,True
1597,bittorrent,bittorrent,0.9693206720233747,True
1598,bittorrent,bittorrent,0.9693206720233747,True
1599,bittorrent,bittorrent,0.9693206720233747,True
1600,bittorrent,bittorrent,0.9693206720233747,True
1601,bittorrent,bittorrent,0.9693206720233747,True
1602,bittorrent,bittorrent,0.9703622392974753,True
1603,bittorrent,bittorrent,0.9703622392974753,True
1604,bittorrent,bittorrent,0.9693206720233747,True
1605,bittorrent,bittorrent,0.9703622392974753,True
1606,bittorrent,bittorrent,0.9693206720233747,True
1607,bittorrent,bittorrent,0.9703622392974753,True
1608,bittorrent,bittorrent,0.9693206720233747,True
1609,bittorrent,bittorrent,0.9703622392974753,True
1610,bittorrent,bittorrent,0.9703622392974753,True
1611,bittorrent,bittorrent,0.9693206720233747,True
1612,bittorrent,bittorrent,0.9693206720233747,True
1613,bittorrent,bittorrent,0.9693206720233747,True
1614,bittorrent,bittorrent,0.9703622392974753,True
1615,bittorrent,bittorrent,0.9703622392974753,True
1616,bittorrent,bittorrent,0.9703622392974753,True
1617,bittorrent,bittorrent,0.9703622392974753,True
1618,bittorrent,bittorrent,0.9703622392974753,True
1619,bittorrent,bittorrent,0.9693206720233747,True
1620,bittorrent,bittorrent,0.9693206720233747,True
1621,bittorrent,bittorrent,0.9703622392974753,True
1622,bittorrent,bittorrent,0.9693206720233747,True
1623,bittorrent,bittorrent,0.9693206720233747,True
1624,bittorrent,bittorrent,0.9703622392974753,True
